Prix,Rating,Stock,Titre
£17.46,star-rating Five,In stock (19 available),Set Me Free
£35.02,star-rating Five,In stock (19 available),Rip it Up and Start Again
£13.99,star-rating Two,In stock (19 available),"Starving Hearts (Triangular Trade Trilogy, #1)"
£52.15,star-rating One,In stock (19 available),The Black Maria
£20.66,star-rating Four,In stock (19 available),Shakespeare's Sonnets
£22.60,star-rating Four,In stock (19 available),The Boys in the Boat: Nine Americans and Their Epic Quest for Gold at the 1936 Berlin Olympics
£52.29,star-rating Five,In stock (19 available),Scott Pilgrim's Precious Little Life (Scott Pilgrim #1)
£22.65,star-rating One,In stock (19 available),The Requiem Red
£54.23,star-rating Five,In stock (20 available),Sapiens: A Brief History of Humankind
£47.82,star-rating Four,In stock (20 available),Sharp Objects
£50.10,star-rating One,In stock (20 available),Soumission
£53.74,star-rating One,In stock (20 available),Tipping the Velvet
£17.93,star-rating Three,In stock (19 available),"The Coming Woman: A Novel Based on the Life of the Infamous Feminist, Victoria Woodhull"
£33.34,star-rating Four,In stock (19 available),The Dirty Little Secrets of Getting Your Dream Job
£51.77,star-rating Three,In stock (22 available),A Light in the Attic
£45.17,star-rating Two,In stock (19 available),It's Only the Himalayas
£51.33,star-rating Two,In stock (19 available),Libertarianism for Beginners
£23.88,star-rating One,In stock (19 available),Olio
£37.59,star-rating One,In stock (19 available),Mesaerion: The Best Science Fiction Stories 1800-1849
£57.25,star-rating Three,In stock (19 available),"Our Band Could Be Your Life: Scenes from the American Indie Underground, 1981-1991"
£19.19,star-rating Five,In stock (15 available),Dark Notes
£36.58,star-rating One,In stock (15 available),Amid the Chaos
£33.63,star-rating Two,In stock (17 available),You can't bury them all: Poems
£52.22,star-rating Four,In stock (18 available),Behind Closed Doors
£52.98,star-rating Five,In stock (9 available),The Art and Science of Low Carbohydrate Living
£25.77,star-rating One,In stock (7 available),Blue Like Jazz: Nonreligious Thoughts on Christian Spirituality
£49.71,star-rating Five,In stock (10 available),10-Day Green Smoothie Cleanse: Lose Up to 15 Pounds in 10 Days!
£24.04,star-rating One,In stock (3 available),We Are All Completely Beside Ourselves
£55.65,star-rating Five,In stock (4 available),A New Earth: Awakening to Your Life's Purpose
£39.67,star-rating Five,In stock (8 available),Shadows of the Past (Logan Point #1)
£28.77,star-rating Two,In stock (7 available),Like Never Before (Walker Family #2)
£49.97,star-rating Four,In stock (3 available),If I Run (If I Run #1)
£17.97,star-rating Five,In stock (7 available),Counted With the Stars (Out from Egypt #1)
£46.33,star-rating Two,In stock (7 available),Unreasonable Hope: Finding Faith in the God Who Brings Purpose to Your Pain
£49.46,star-rating Four,In stock (15 available),Close to You
£20.47,star-rating Five,In stock (15 available),Redeeming Love
£48.19,star-rating Three,In stock (7 available),Benjamin Franklin: An American Life
£42.57,star-rating Three,In stock (3 available),The Rise of Theodore Roosevelt (Theodore Roosevelt #1)
£21.15,star-rating Two,In stock (11 available),"Setting the World on Fire: The Brief, Astonishing Life of St. Catherine of Siena"
£39.55,star-rating One,In stock (7 available),The Faith of Christopher Hitchens: The Restless Soul of the World's Most Notorious Atheist
£56.50,star-rating Four,In stock (16 available),The Past Never Ends
£45.22,star-rating Three,In stock (16 available),The Natural History of Us (The Fine Art of Pretending #2)
£11.38,star-rating Five,In stock (7 available),"Naturally Lean: 125 Nourishing Gluten-Free, Plant-Based Recipes--All Under 300 Calories"
£56.13,star-rating One,In stock (16 available),The Secret of Dreadwillow Carse
£19.09,star-rating One,In stock (16 available),The Torch Is Passed: A Harding Family Story
£10.97,star-rating One,In stock (15 available),The Long Shadow of Small Ghosts: Murder and Memory in an American City
£17.27,star-rating Five,In stock (16 available),Thirst
£19.49,star-rating Four,In stock (16 available),This One Summer
£18.78,star-rating Three,In stock (16 available),Unicorn Tracks
£16.28,star-rating One,In stock (16 available),Tsubasa: WoRLD CHRoNiCLE 2 (Tsubasa WoRLD CHRoNiCLE #2)
£14.27,star-rating Four,In stock (16 available),Untitled Collection: Sabbath Poems 2014
£50.27,star-rating Five,In stock (16 available),"We Love You, Charlie Freeman"
£45.07,star-rating Two,In stock (16 available),Without Borders (Wanderlove #1)
£44.18,star-rating Four,In stock (16 available),"Unseen City: The Majesty of Pigeons, the Discreet Charm of Snails & Other Wonders of the Urban Wilderness"
£33.14,star-rating Three,In stock (3 available),Hungry Girl Clean & Hungry: Easy All-Natural Recipes for Healthy Eating in the Real World
£23.59,star-rating One,In stock (3 available),The Smitten Kitchen Cookbook
£34.32,star-rating Three,In stock (3 available),"The Art of Simple Food: Notes, Lessons, and Recipes from a Delicious Revolution"
£24.91,star-rating Five,In stock (5 available),Mexican Today: New and Rediscovered Recipes for Contemporary Kitchens
£24.48,star-rating Three,In stock (14 available),My Mrs. Brown
£39.61,star-rating Three,In stock (6 available),Better Homes and Gardens New Cook Book
£11.05,star-rating Five,In stock (5 available),The Power Greens Cookbook: 140 Delicious Superfood Recipes
£13.66,star-rating Two,In stock (3 available),Vegan Vegetarian Omnivore: Dinner for Everyone at the Table
£54.62,star-rating One,In stock (3 available),Something Blue (Darcy & Rachel #2)
£21.07,star-rating Five,In stock (3 available),Voyager (Outlander #3)
£34.96,star-rating Four,In stock (1 available),Having the Barbarian's Baby (Ice Planet Barbarians #7.5)
£35.66,star-rating Five,In stock (3 available),The Red Tent
£55.55,star-rating Two,In stock (3 available),The Last Painting of Sara de Vos
£34.20,star-rating Two,In stock (14 available),Angels Walking (Angels Walking #1)
£57.49,star-rating Three,In stock (1 available),The Bhagavad Gita
£56.02,star-rating Four,In stock (14 available),City of Glass (The Mortal Instruments #3)
£38.73,star-rating One,In stock (13 available),Searching for Meaning in Gailana
£28.42,star-rating Four,In stock (1 available),Choosing Our Religion: The Spiritual Lives of America's Nones
£32.30,star-rating Five,In stock (12 available),The Star-Touched Queen
£56.63,star-rating Three,In stock (9 available),A Shard of Ice (The Black Symphony Saga #1)
£37.51,star-rating Five,In stock (14 available),Demigods & Magicians: Percy and Annabeth Meet the Kanes (Percy Jackson & Kane Chronicles Crossover #1-3)
£39.61,star-rating Five,In stock (7 available),King's Folly (The Kinsman Chronicles #1)
£32.36,star-rating Three,In stock (3 available),Walk the Edge (Thunder Road #2)
£48.96,star-rating Five,In stock (3 available),Something Borrowed (Darcy & Rachel #1)
£26.77,star-rating One,In stock (4 available),Girl With a Pearl Earring
£10.00,star-rating Five,In stock (5 available),An Abundance of Katherines
£52.67,star-rating Four,In stock (14 available),The Testament of Mary
£17.28,star-rating Two,In stock (11 available),Lilac Girls
£56.48,star-rating Two,In stock (14 available),"A Series of Catastrophes and Miracles: A True Story of Love, Science, and Cancer"
£31.12,star-rating Three,In stock (16 available),Throwing Rocks at the Google Bus: How Growth Became the Enemy of Prosperity
£19.07,star-rating Four,In stock (3 available),Ready Player One
£37.40,star-rating Five,In stock (14 available),The Song of Achilles
£40.67,star-rating Two,In stock (14 available),The Immortal Life of Henrietta Lacks
£48.78,star-rating One,In stock (14 available),The Dovekeepers
£37.61,star-rating Two,In stock (14 available),More Than Music (Chasing the Dream #1)
£22.13,star-rating Four,In stock (14 available),Code Name Verity (Code Name Verity #1)
£42.98,star-rating One,In stock (15 available),Hollow City (Miss Peregrine’s Peculiar Children #2)
£46.02,star-rating Five,In stock (14 available),The Star-Touched Queen
£44.28,star-rating One,In stock (15 available),The Glittering Court (The Glittering Court #1)
£52.26,star-rating Two,In stock (14 available),The Hidden Oracle (The Trials of Apollo #1)
£44.73,star-rating Four,In stock (14 available),The Bane Chronicles (The Bane Chronicles #1-11)
£41.81,star-rating One,In stock (5 available),Tell Me Three Things
£23.63,star-rating Four,In stock (5 available),Lola and the Boy Next Door (Anna and the French Kiss #2)
£15.52,star-rating Five,In stock (5 available),Kill the Boy Band
£14.64,star-rating One,In stock (5 available),Two Summers
£11.33,star-rating Five,In stock (5 available),The Darkest Corners
£21.04,star-rating Two,In stock (15 available),Tuesday Nights in 1980
£36.95,star-rating One,In stock (15 available),The House by the Lake
£48.13,star-rating Five,In stock (5 available),Isla and the Happily Ever After (Anna and the French Kiss #3)
£30.25,star-rating Five,In stock (15 available),Mrs. Houdini
£28.08,star-rating Four,In stock (14 available),The Marriage of Opposites
£14.07,star-rating Three,In stock (16 available),On a Midnight Clear
£29.06,star-rating Three,In stock (15 available),"Shobu Samurai, Project Aryoku (#3)"
£28.26,star-rating Five,In stock (15 available),Modern Romance
£25.91,star-rating Five,In stock (14 available),The White Queen (The Cousins' War #1)
£56.40,star-rating Two,In stock (16 available),Masks and Shadows
£43.29,star-rating Three,In stock (16 available),Crown of Midnight (Throne of Glass #2)
£53.90,star-rating Two,In stock (16 available),Judo: Seven Steps to Black Belt (an Introductory Guide for Beginners)
£13.34,star-rating Five,In stock (16 available),Princess Between Worlds (Wide-Awake Princess #5)
£50.35,star-rating Four,In stock (7 available),Nightstruck: A Novel
£50.96,star-rating Two,In stock (6 available),Tell the Wolves I'm Home
£28.09,star-rating Two,In stock (16 available),"Avatar: The Last Airbender: Smoke and Shadow, Part 3 (Smoke and Shadow #3)"
£55.65,star-rating Five,In stock (8 available),Future Shock (Future Shock #1)
£36.39,star-rating Five,In stock (8 available),My Life Next Door (My Life Next Door )
£52.37,star-rating One,In stock (16 available),A Court of Thorns and Roses (A Court of Thorns and Roses #1)
£47.31,star-rating Four,In stock (5 available),"Will Grayson, Will Grayson (Will Grayson, Will Grayson)"
£41.73,star-rating Four,In stock (5 available),Where She Went (If I Stay #2)
£13.71,star-rating Three,In stock (11 available),Playing with Fire
£20.89,star-rating Four,In stock (7 available),Delivering the Truth (Quaker Midwife Mystery #1)
£25.37,star-rating Five,In stock (7 available),What Happened on Beale Street (Secrets of the South Mysteries #2)
£55.53,star-rating Five,In stock (16 available),A Flight of Arrows (The Pathfinders #2)
£35.07,star-rating Three,In stock (15 available),Throne of Glass (Throne of Glass #1)
£10.65,star-rating One,In stock (15 available),The Project
£24.17,star-rating Four,In stock (4 available),Harry Potter and the Prisoner of Azkaban (Harry Potter #3)
£26.12,star-rating Two,In stock (15 available),Soft Apocalypse
£48.74,star-rating One,In stock (11 available),Sleeping Giants (Themis Files #1)
£21.36,star-rating Four,In stock (11 available),Arena
£32.42,star-rating One,In stock (5 available),Foundation (Foundation (Publication Order) #1)
£51.34,star-rating Four,In stock (11 available),"Exit, Pursued by a Bear"
£54.65,star-rating Four,In stock (12 available),No Love Allowed (Dodge Cove #1)
£29.69,star-rating Three,In stock (16 available),Forever and Forever: The Courtship of Henry Longfellow and Fanny Appleton
£10.92,star-rating One,In stock (3 available),The Restaurant at the End of the Universe (Hitchhiker's Guide to the Galaxy #2)
£33.23,star-rating One,In stock (9 available),Don't Forget Steven
£31.22,star-rating Two,In stock (3 available),A Storm of Swords (A Song of Ice and Fire #3)
£28.93,star-rating One,In stock (8 available),South of Sunshine
£54.40,star-rating One,In stock (9 available),The Alien Club
£26.80,star-rating Three,In stock (12 available),Poisonous (Max Revere Novels #3)
£23.15,star-rating Two,In stock (15 available),The Emerald Mystery
£32.00,star-rating Three,In stock (15 available),The Bridge to Consciousness: I'm Writing the Bridge Between Science and Our Old and New Beliefs.
£55.02,star-rating Two,In stock (15 available),The Girl on the Train
£35.67,star-rating Five,In stock (16 available),Join
£54.36,star-rating Four,In stock (12 available),Murder at the 42nd Street Library (Raymond Ambler #1)
£59.48,star-rating Three,In stock (12 available),Boar Island (Anna Pigeon #19)
£44.07,star-rating Four,In stock (3 available),Heir to the Sky
£43.30,star-rating Four,In stock (15 available),"William Shakespeare's Star Wars: Verily, A New Hope (William Shakespeare's Star Wars #4)"
£52.30,star-rating Five,In stock (7 available),The Bachelor Girl's Guide to Murder (Herringford and Watts Mysteries #1)
£43.87,star-rating Three,In stock (3 available),Eragon (The Inheritance Cycle #1)
£11.84,star-rating One,In stock (12 available),Hide Away (Eve Duncan #20)
£56.02,star-rating One,In stock (3 available),Darkfever (Fever #1)
£22.06,star-rating Four,In stock (3 available),Ash
£27.26,star-rating Two,In stock (11 available),The Widow
£44.10,star-rating Four,In stock (15 available),The Murder of Roger Ackroyd (Hercule Poirot #4)
£54.21,star-rating Two,In stock (14 available),The Last Mile (Amos Decker #2)
£41.60,star-rating Three,In stock (15 available),Tracing Numbers on a Train
£52.72,star-rating One,In stock (15 available),Thirteen Reasons Why
£41.82,star-rating Four,In stock (15 available),The Kite Runner
£27.37,star-rating Four,In stock (15 available),The Secret (The Secret #1)
£35.28,star-rating Three,In stock (12 available),Most Wanted
£13.92,star-rating One,In stock (14 available),That Darkness (Gardiner and Renner #1)
£10.69,star-rating One,In stock (14 available),Tastes Like Fear (DI Marnie Rome #3)
£48.35,star-rating Five,In stock (14 available),A Time of Torment (Charlie Parker #14)
£56.76,star-rating Five,In stock (16 available),"A Piece of Sky, a Grain of Rice: A Memoir in Four Meditations"
£36.00,star-rating Two,In stock (15 available),The Psychopath Test: A Journey Through the Madness Industry
£58.64,star-rating Four,In stock (3 available),The Rose & the Dagger (The Wrath and the Dawn #2)
£31.63,star-rating Four,In stock (4 available),Harry Potter and the Order of the Phoenix (Harry Potter #5)
£48.75,star-rating Five,In stock (4 available),Harry Potter and the Half-Blood Prince (Harry Potter #6)
£24.72,star-rating Two,In stock (3 available),Soldier (Talon #3)
£16.73,star-rating Two,In stock (14 available),A Study in Scarlet (Sherlock Holmes #1)
£45.84,star-rating Three,In stock (14 available),Glory over Everything: Beyond The Kitchen House
£14.74,star-rating One,In stock (4 available),Harry Potter and the Chamber of Secrets (Harry Potter #2)
£20.55,star-rating Two,In stock (12 available),"Love, Lies and Spies"
£42.15,star-rating Four,In stock (15 available),The Vacationers
£16.64,star-rating One,In stock (16 available),A Murder in Time
£49.46,star-rating Two,In stock (16 available),Bossypants
£51.36,star-rating Five,In stock (15 available),The Regional Office Is Under Attack!
£53.53,star-rating Five,In stock (15 available),Finders Keepers (Bill Hodges Trilogy #2)
£27.88,star-rating Five,In stock (14 available),The Time Keeper
£42.95,star-rating One,In stock (16 available),A World of Flavor: Your Gluten Free Passport
£39.01,star-rating Four,In stock (12 available),A Paris Apartment
£48.39,star-rating Five,In stock (4 available),Shopaholic Ties the Knot (Shopaholic #3)
£26.33,star-rating Five,In stock (3 available),The Day the Crayons Came Home (Crayons)
£29.65,star-rating One,In stock (14 available),Island of Dragons (Unwanteds #7)
£37.97,star-rating Two,In stock (16 available),"Don't Be a Jerk: And Other Practical Advice from Dogen, Japan's Greatest Zen Master"
£30.03,star-rating Five,In stock (14 available),God: The Most Unpleasant Character in All Fiction
£52.11,star-rating Two,In stock (4 available),The Demonists (Demonist #1)
£56.00,star-rating Five,In stock (5 available),The False Prince (The Ascendance Trilogy #1)
£45.51,star-rating Three,In stock (5 available),Tell the Wind and Fire
£17.21,star-rating Four,In stock (5 available),A Feast for Crows (A Song of Ice and Fire #4)
£21.87,star-rating Four,In stock (15 available),You Are What You Love: The Spiritual Power of Habit
£46.08,star-rating Five,In stock (4 available),The Beast (Black Dagger Brotherhood #14)
£49.45,star-rating Five,In stock (4 available),Paper and Fire (The Great Library #2)
£24.57,star-rating Three,In stock (9 available),The Book of Mormon
£20.29,star-rating Four,In stock (14 available),Cell
£54.86,star-rating One,In stock (3 available),Dune (Dune #1)
£27.62,star-rating One,In stock (4 available),"A History of God: The 4,000-Year Quest of Judaism, Christianity, and Islam"
£33.26,star-rating Two,In stock (3 available),"Life, the Universe and Everything (Hitchhiker's Guide to the Galaxy #3)"
£34.41,star-rating Two,In stock (7 available),Raymie Nightingale
£32.38,star-rating One,In stock (7 available),Playing from the Heart
£51.48,star-rating One,In stock (3 available),Do Androids Dream of Electric Sheep? (Blade Runner #1)
£56.07,star-rating Three,In stock (3 available),The Wild Robot
£48.77,star-rating One,In stock (3 available),The Thing About Jellyfish
£44.18,star-rating Two,In stock (1 available),Three Wishes (River of Time: California #1)
£43.59,star-rating Five,In stock (3 available),The Lonely Ones
£22.54,star-rating One,In stock (5 available),Maybe Something Beautiful: How Art Transformed a Neighborhood
£56.59,star-rating Four,In stock (6 available),Fun Home: A Family Tragicomic
£30.57,star-rating Two,In stock (5 available),The Raven King (The Raven Cycle #4)
£22.37,star-rating One,In stock (5 available),Find Her (Detective D.D. Warren #8)
£12.16,star-rating Five,In stock (7 available),Every Heart a Doorway (Every Heart A Doorway #1)
£44.81,star-rating Four,In stock (7 available),A Gathering of Shadows (Shades of Magic #2)
£57.74,star-rating Four,In stock (5 available),The Raven Boys (The Raven Cycle #1)
£13.86,star-rating Three,In stock (12 available),Will You Won't You Want Me?
£20.46,star-rating Four,In stock (11 available),Keep Me Posted
£48.49,star-rating Four,In stock (11 available),Grey (Fifty Shades #4)
£55.46,star-rating Two,In stock (3 available),Midnight Riot (Peter Grant/ Rivers of London - books #1)
£43.58,star-rating Three,In stock (7 available),Meternity
£13.73,star-rating Five,In stock (4 available),Some Women
£23.57,star-rating Three,In stock (14 available),Rain Fish
£18.28,star-rating Two,In stock (14 available),Once Was a Time
£53.95,star-rating Three,In stock (14 available),Luis Paints the World
£25.08,star-rating One,In stock (9 available),Nap-a-Roo
£35.96,star-rating Four,In stock (7 available),The Whale
£36.26,star-rating Two,In stock (1 available),The Last Girl (The Dominion Trilogy #1)
£16.62,star-rating Three,In stock (7 available),The Constant Princess (The Tudor Court #1)
£37.05,star-rating Five,In stock (7 available),Good in Bed (Cannie Shapiro #1)
£43.27,star-rating Four,In stock (6 available),The Joy of Cooking
£18.77,star-rating One,In stock (6 available),The Golden Compass (His Dark Materials #1)
£46.85,star-rating Three,In stock (6 available),The God Delusion
£19.27,star-rating Four,In stock (6 available),Pride and Prejudice
£48.51,star-rating Three,In stock (6 available),Mere Christianity
£52.87,star-rating Three,In stock (7 available),"Shrunken Treasures: Literary Classics, Short, Sweet, and Silly"
£37.34,star-rating One,In stock (6 available),The Invention of Wings
£20.90,star-rating Three,In stock (7 available),"Sit, Stay, Love"
£31.30,star-rating One,In stock (5 available),A Girl's Guide to Moving On (New Beginnings #2)
£59.99,star-rating Three,In stock (4 available),The Perfect Play (Play by Play #1)
£12.87,star-rating One,In stock (4 available),Dark Lover (Black Dagger Brotherhood #1)
£13.38,star-rating Three,In stock (4 available),Changing the Game (Play by Play #2)
£13.47,star-rating Three,In stock (15 available),Little Red
£58.08,star-rating Four,In stock (15 available),The White Cat and the Monk: A Retelling of the Poem “Pangur Bán”
£12.96,star-rating Five,In stock (14 available),Walt Disney's Alice in Wonderland
£22.08,star-rating Two,In stock (14 available),Twenty Yawns
£32.97,star-rating Four,In stock (5 available),World Without End (The Pillars of the Earth #2)
£28.32,star-rating Five,In stock (4 available),The Passion of Dolssa
£50.49,star-rating Three,In stock (9 available),A Hero's Curse (The Unseen Chronicles #1)
£21.94,star-rating One,In stock (4 available),Can You Keep a Secret?
£16.24,star-rating One,In stock (7 available),The Glass Castle
£35.67,star-rating Three,In stock (7 available),The Drowning Girls
£35.79,star-rating Two,In stock (9 available),23 Degrees South: A Tropical Tale of Changing Whether...
£42.80,star-rating Two,In stock (3 available),Twenties Girl
£57.43,star-rating Four,In stock (7 available),John Adams
£45.75,star-rating Four,In stock (3 available),The Undomestic Goddess
£57.36,star-rating Four,In stock (15 available),I Had a Nice Time And Other Lies...: How to find love & sh*t like that
£52.53,star-rating Five,In stock (3 available),The Nanny Diaries (Nanny #1)
£44.29,star-rating One,In stock (3 available),The Devil Wears Prada (The Devil Wears Prada #1)
£32.61,star-rating Three,In stock (14 available),The Wedding Pact (The O'Malleys #2)
£28.82,star-rating One,In stock (14 available),Hold Your Breath (Search and Rescue #1)
£40.83,star-rating Four,In stock (12 available),Dirty (Dive Bar #1)
£53.98,star-rating Three,In stock (11 available),Take Me Home Tonight (Rock Star Romance #3)
£47.67,star-rating Three,In stock (11 available),Off the Hook (Fishing for Trouble #1)
£14.75,star-rating Five,In stock (11 available),A Gentleman's Position (Society of Gentlemen #3)
£25.85,star-rating Three,In stock (14 available),The First Hostage (J.B. Collins #2)
£45.21,star-rating Three,In stock (14 available),Take Me with You
£44.48,star-rating Five,In stock (14 available),The Songs of the Gods
£11.88,star-rating Three,In stock (12 available),The Children
£15.71,star-rating Four,In stock (12 available),One with You (Crossfire #5)
£48.27,star-rating Five,In stock (9 available),Without Shame
£58.05,star-rating Four,In stock (9 available),Watchmen
£26.41,star-rating Three,In stock (14 available),Still Life with Bread Crumbs
£55.84,star-rating Four,In stock (14 available),Shtum
£41.56,star-rating One,In stock (14 available),My Name Is Lucy Barton
£40.79,star-rating Two,In stock (14 available),A People's History of the United States
£55.51,star-rating One,In stock (14 available),A Brush of Wings (Angels Walking #3)
£59.15,star-rating Four,In stock (12 available),The Gray Rhino: How to Recognize and Act on the Obvious Dangers We Ignore
£37.86,star-rating Four,In stock (13 available),Rook
£15.97,star-rating Four,In stock (16 available),First and First (Five Boroughs #3)
£21.96,star-rating One,In stock (16 available),Fifty Shades Darker (Fifty Shades #2)
£24.12,star-rating One,In stock (15 available),The Wedding Dress
£55.99,star-rating Two,In stock (15 available),Suddenly in Love (Lake Haven #1)
£26.20,star-rating One,In stock (12 available),The Midnight Watch: A Novel of the Titanic and the Californian
£16.24,star-rating Four,In stock (15 available),Something More Than This
£35.61,star-rating Three,In stock (15 available),Doing It Over (Most Likely To #1)
£46.82,star-rating Four,In stock (15 available),Anonymous
£18.46,star-rating Three,In stock (15 available),Amy Meets the Saints and Sages
£50.54,star-rating Five,In stock (15 available),Amatus
£37.10,star-rating Four,In stock (14 available),V for Vendetta (V for Vendetta Complete)
£56.80,star-rating Four,In stock (14 available),The Wright Brothers
£46.83,star-rating Two,In stock (3 available),Girl in the Blue Coat
£19.69,star-rating One,In stock (3 available),I've Got Your Number
£45.95,star-rating Two,In stock (14 available),"Unbroken: A World War II Story of Survival, Resilience, and Redemption"
£19.18,star-rating Four,In stock (1 available),The Edge of Reason (Bridget Jones #2)
£49.53,star-rating One,In stock (3 available),The Guernsey Literary and Potato Peel Pie Society
£29.82,star-rating One,In stock (1 available),Bridget Jones's Diary (Bridget Jones #1)
£36.34,star-rating One,In stock (1 available),The Nicomachean Ethics
£25.89,star-rating Two,In stock (1 available),Meditations
£33.97,star-rating One,In stock (16 available),Her Backup Boyfriend (The Sorensen Family #1)
£43.38,star-rating One,In stock (1 available),Beyond Good and Evil
£50.40,star-rating Three,In stock (16 available),"Rat Queens, Vol. 3: Demons (Rat Queens (Collected Editions) #11-15)"
£20.12,star-rating Five,In stock (7 available),Team of Rivals: The Political Genius of Abraham Lincoln
£51.04,star-rating Two,In stock (16 available),"Saga, Volume 5 (Saga (Collected Editions) #5)"
£25.02,star-rating Three,In stock (16 available),"Saga, Volume 6 (Saga (Collected Editions) #6)"
£29.00,star-rating One,In stock (15 available),First Steps for New Christians (Print Edition)
£19.83,star-rating Two,In stock (16 available),Reskilling America: Learning to Labor in the Twenty-First Century
£54.59,star-rating Four,In stock (15 available),Eureka Trivia 6.0
£37.72,star-rating Five,In stock (15 available),Done Rubbed Out (Reightman & Bailey #1)
£34.95,star-rating Four,In stock (15 available),Drive: The Surprising Truth About What Motivates Us
£39.25,star-rating Two,In stock (16 available),Security
£39.58,star-rating Two,In stock (16 available),Soul Reader
£58.11,star-rating Four,In stock (16 available),The Death of Humanity: and the Case for Life
£40.76,star-rating Three,In stock (16 available),The Art Forger
£41.83,star-rating Four,In stock (16 available),Spark Joy: An Illustrated Master Class on the Art of Organizing and Tidying Up
£17.44,star-rating Four,In stock (15 available),The Stranger
£22.00,star-rating Four,In stock (16 available),In the Country We Love: My Family Divided
£11.11,star-rating Two,In stock (15 available),Beauty Restored (Riley Family Legacy Novellas #3)
£15.48,star-rating Two,In stock (15 available),Ayumi's Violin
£19.92,star-rating Two,In stock (16 available),Lumberjanes Vol. 3: A Terrible Plan (Lumberjanes #9-12)
£20.27,star-rating One,In stock (15 available),Secrets and Lace (Fatal Hearts #1)
£45.61,star-rating Three,In stock (16 available),"Lumberjanes, Vol. 1: Beware the Kitten Holy (Lumberjanes #1-4)"
£56.06,star-rating One,In stock (16 available),The Electric Pencil: Drawings from Inside State Hospital No. 3
£47.13,star-rating One,In stock (8 available),Kierkegaard: A Christian Missionary to Christians
£19.15,star-rating Two,In stock (15 available),Large Print Heart of the Pride
£10.76,star-rating One,In stock (15 available),Miss Peregrine’s Home for Peculiar Children (Miss Peregrine’s Peculiar Children #1)
£22.16,star-rating Two,In stock (15 available),Grumbles
£45.42,star-rating Two,In stock (1 available),The Little Prince
£36.94,star-rating One,In stock (15 available),Romero and Juliet: A Tragic Tale of Love and Zombies
£37.46,star-rating One,In stock (1 available),Sense and Sensibility
£32.93,star-rating Two,In stock (1 available),Emma
£41.06,star-rating One,In stock (15 available),Poses for Artists Volume 1 - Dynamic and Sitting Poses: An Essential Reference for Figure Drawing and the Human Form
£47.11,star-rating Two,In stock (1 available),Of Mice and Men
£28.80,star-rating Three,In stock (1 available),Forever Rockers (The Rocker #12)
£43.68,star-rating Three,In stock (9 available),Dress Your Family in Corduroy and Denim
£55.53,star-rating One,In stock (1 available),Alice in Wonderland (Alice's Adventures in Wonderland #1)
£54.21,star-rating One,In stock (8 available),Proofs of God: Classical Arguments from Tertullian to Barth
£25.55,star-rating One,In stock (7 available),Toddlers Are A**holes: It's Not Your Fault
£30.89,star-rating Five,In stock (3 available),When You Are Engulfed in Flames
£49.32,star-rating Five,In stock (14 available),Brain on Fire: My Month of Madness
£56.37,star-rating Five,In stock (14 available),Abstract City
£27.06,star-rating One,In stock (13 available),13 Hours: The Inside Account of What Really Happened In Benghazi
£28.81,star-rating Three,In stock (16 available),Burning
£51.75,star-rating Five,In stock (14 available),"Eaternity: More than 150 Deliciously Easy Vegan Recipes for a Long, Healthy, Satisfied, Joyful Life"
£37.92,star-rating Two,In stock (16 available),"Bitch Planet, Vol. 1: Extraordinary Machine (Bitch Planet (Collected Editions))"
£33.34,star-rating Five,In stock (15 available),The Art of War
£29.14,star-rating Five,In stock (16 available),Call the Nurse: True Stories of a Country Nurse on a Scottish Isle
£37.80,star-rating Four,In stock (14 available),Buying In: The Secret Dialogue Between What We Buy and Who We Are
£17.73,star-rating Three,In stock (3 available),Wuthering Heights
£29.70,star-rating Two,In stock (3 available),The Picture of Dorian Gray
£38.35,star-rating Two,In stock (3 available),Beowulf
£52.60,star-rating Two,In stock (7 available),"Chronicles, Vol. 1"
£15.36,star-rating Five,In stock (3 available),Fifty Shades Freed (Fifty Shades #3)
£26.78,star-rating Four,In stock (3 available),The Complete Stories and Poems (The Works of Edgar Allan Poe [Cameo Edition])
£26.79,star-rating Five,In stock (14 available),Let It Out: A Journey Through Journaling
£38.40,star-rating One,In stock (5 available),This Is Your Brain on Music: The Science of a Human Obsession
£37.35,star-rating Two,In stock (3 available),Catastrophic Happiness: Finding Joy in Childhood's Messy Years
£58.79,star-rating Three,In stock (14 available),Hamilton: The Revolution
£44.07,star-rating One,In stock (14 available),The Long Haul (Diary of a Wimpy Kid #9)
£11.83,star-rating Five,In stock (14 available),Old School (Diary of a Wimpy Kid #10)
£29.14,star-rating Five,In stock (14 available),Looking for Lovely: Collecting the Moments that Matter
£25.98,star-rating Four,In stock (14 available),I Know What I'm Doing -- and Other Lies I Tell Myself: Dispatches from a Life Under Construction
£20.02,star-rating Five,In stock (4 available),No One Here Gets Out Alive
£14.75,star-rating Five,In stock (14 available),"Hyperbole and a Half: Unfortunate Situations, Flawed Coping Mechanisms, Mayhem, and Other Things That Happened"
£12.36,star-rating Three,In stock (4 available),"Orchestra of Exiles: The Story of Bronislaw Huberman, the Israel Philharmonic, and the One Thousand Jews He Saved from Nazi Horrors"
£20.79,star-rating Five,In stock (3 available),Between Shades of Gray
£28.13,star-rating Four,In stock (16 available),A Fierce and Subtle Poison
£15.06,star-rating Four,In stock (14 available),"Far & Away: Places on the Brink of Change: Seven Continents, Twenty-Five Years"
£50.26,star-rating Two,In stock (4 available),The Pilgrim's Progress
£28.07,star-rating Four,In stock (4 available),Little Women (Little Women #1)
£14.82,star-rating Two,In stock (4 available),The Hound of the Baskervilles (Sherlock Holmes #5)
£32.49,star-rating Three,In stock (4 available),Gone with the Wind
£58.63,star-rating Three,In stock (4 available),Candide
£12.91,star-rating Four,In stock (3 available),Running with Scissors
£43.04,star-rating Two,In stock (14 available),The Year of Magical Thinking
£58.81,star-rating Five,In stock (5 available),Approval Junkie: Adventures in Caring Too Much
£11.87,star-rating Two,In stock (3 available),Lust & Wonder
£59.04,star-rating Five,In stock (3 available),Life Without a Recipe
£57.60,star-rating Two,In stock (3 available),Me Talk Pretty One Day
£54.29,star-rating Five,In stock (3 available),A Heartbreaking Work of Staggering Genius
£17.43,star-rating Three,In stock (14 available),The Literature Book (Big Ideas Simply Explained)
£12.23,star-rating Two,In stock (15 available),So You've Been Publicly Shamed
£15.77,star-rating One,In stock (14 available),The Bad-Ass Librarians of Timbuktu: And Their Race to Save the World’s Most Precious Manuscripts
£38.49,star-rating Five,In stock (15 available),The Artist's Way: A Spiritual Path to Higher Creativity
£24.72,star-rating Two,In stock (3 available),Career of Evil (Cormoran Strike #3)
£12.29,star-rating Five,In stock (1 available),The Girl You Lost
£15.85,star-rating Three,In stock (1 available),The Girl In The Ice (DCI Erika Foster #1)
£20.30,star-rating Three,In stock (1 available),Blood Defense (Samantha Brinkman #1)
£53.98,star-rating One,In stock (1 available),1st to Die (Women's Murder Club #1)
£57.70,star-rating Four,In stock (1 available),The No. 1 Ladies' Detective Agency (No. 1 Ladies' Detective Agency #1)
£19.60,star-rating Two,In stock (14 available),What's It Like in Space?: Stories from Astronauts Who've Been There
£15.08,star-rating Four,In stock (5 available),The Secret Garden
£30.80,star-rating Three,In stock (15 available),Big Magic: Creative Living Beyond Fear
£12.51,star-rating Five,In stock (15 available),Agnostic: A Spirited Manifesto
£21.14,star-rating One,In stock (3 available),"Thinking, Fast and Slow"
£59.95,star-rating Two,In stock (3 available),Civilization and Its Discontents
£19.43,star-rating Three,In stock (15 available),"Daring Greatly: How the Courage to Be Vulnerable Transforms the Way We Live, Love, Parent, and Lead"
£31.04,star-rating One,In stock (3 available),8 Keys to Mental Health Through Exercise
£10.93,star-rating Two,In stock (15 available),The Argonauts
£38.20,star-rating Four,In stock (14 available),Whole Lotta Creativity Going On: 60 Fun and Unusual Exercises to Awaken and Strengthen Your Creativity
£27.18,star-rating One,In stock (11 available),M Train
£40.85,star-rating One,In stock (11 available),Lab Girl
£27.43,star-rating Two,In stock (15 available),Becoming Wise: An Inquiry into the Mystery and Art of Living
£17.24,star-rating One,In stock (15 available),The Genius of Birds
£28.58,star-rating One,In stock (5 available),The Metamorphosis
£38.21,star-rating Two,In stock (15 available),The Omnivore's Dilemma: A Natural History of Four Meals
£24.80,star-rating Four,In stock (6 available),The Mysterious Affair at Styles (Hercule Poirot #1)
£38.38,star-rating Two,In stock (6 available),In the Woods (Dublin Murder Squad #1)
£23.05,star-rating Five,In stock (3 available),The Silkworm (Cormoran Strike #2)
£43.45,star-rating Three,In stock (3 available),The Exiled
£19.21,star-rating One,In stock (3 available),The Cuckoo's Calling (Cormoran Strike #1)
£22.85,star-rating Three,In stock (1 available),Charlie and the Chocolate Factory (Charlie Bucket #1)
£43.54,star-rating Two,In stock (15 available),The Power of Now: A Guide to Spiritual Enlightenment
£10.62,star-rating One,In stock (3 available),Counting Thyme
£25.40,star-rating Three,In stock (3 available),Extreme Prey (Lucas Davenport #26)
£10.66,star-rating Three,In stock (3 available),Are We There Yet?
£10.79,star-rating Four,In stock (3 available),Green Eggs and Ham (Beginner Books B-16)
£32.34,star-rating Two,In stock (7 available),The Art Book
£39.51,star-rating Five,In stock (1 available),Ways of Seeing
£21.30,star-rating Three,In stock (6 available),An Unquiet Mind: A Memoir of Moods and Madness
£39.43,star-rating One,In stock (12 available),The Golden Condom: And Other Essays on Love Lost and Found
£28.34,star-rating One,In stock (1 available),Matilda
£18.03,star-rating One,In stock (14 available),Love Is a Mix Tape (Music #1)
£45.05,star-rating Five,In stock (8 available),Kill 'Em and Leave: Searching for James Brown and the American Soul
£57.22,star-rating Three,In stock (4 available),Animal Farm
£10.40,star-rating One,In stock (14 available),The Lucifer Effect: Understanding How Good People Turn Evil
£56.27,star-rating Three,In stock (11 available),It Didn't Start with You: How Inherited Family Trauma Shapes Who We Are and How to End the Cycle
£52.88,star-rating Four,In stock (2 available),Diary of a Minecraft Zombie Book 1: A Scare of a Dare (An Unofficial Minecraft Book)
£41.32,star-rating Five,In stock (1 available),While You Were Mine
£34.56,star-rating Three,In stock (1 available),The Secret Healer
£25.83,star-rating Three,In stock (1 available),Starlark
£49.67,star-rating Three,In stock (7 available),Memoirs of a Geisha
£19.02,star-rating One,In stock (6 available),Me Before You (Me Before You #1)
£49.05,star-rating Three,In stock (14 available),Feathers: Displays of Brilliant Plumage
£43.02,star-rating Three,In stock (8 available),The New Drawing on the Right Side of the Brain
£31.19,star-rating Four,In stock (8 available),Please Kill Me: The Uncensored Oral History of Punk
£41.14,star-rating Four,In stock (7 available),The Story of Art
£10.29,star-rating Four,In stock (8 available),History of Beauty
£48.63,star-rating Four,In stock (9 available),Art and Fear: Observations on the Perils (and Rewards) of Artmaking
£40.20,star-rating Four,In stock (7 available),Sister Dear
£16.26,star-rating Two,In stock (3 available),The Cat in the Hat (Beginner Books B-1)
£28.54,star-rating Three,In stock (3 available),Red: The True Story of Red Riding Hood
£27.70,star-rating Four,In stock (1 available),Lost Among the Living
£16.97,star-rating Five,In stock (1 available),A Spy's Devotion (The Regency Spies of London #1)
£45.58,star-rating One,In stock (14 available),Swell: A Year of Waves
£31.58,star-rating Five,In stock (2 available),Life
£37.52,star-rating Two,In stock (3 available),Horrible Bear!
£51.15,star-rating One,In stock (8 available),The High Mountains of Portugal
£35.01,star-rating Two,In stock (3 available),And Then There Were None
£28.03,star-rating One,In stock (9 available),The Shack
£21.95,star-rating Two,In stock (14 available),No Dream Is Too High: Life Lessons From a Man Who Walked on the Moon
£55.66,star-rating Two,In stock (1 available),Old Records Never Die: One Man's Quest for His Vinyl and His Past
£58.54,star-rating Two,In stock (8 available),Miller's Valley
£38.77,star-rating Four,In stock (5 available),The Crossover
£17.49,star-rating Five,In stock (5 available),Booked
£30.95,star-rating Four,In stock (1 available),Twenty Love Poems and a Song of Despair
£15.40,star-rating One,In stock (1 available),"Vampire Knight, Vol. 1 (Vampire Knight #1)"
£15.42,star-rating Five,In stock (6 available),The Collected Poems of W.B. Yeats (The Collected Works of W.B. Yeats #1)
£21.96,star-rating Four,In stock (8 available),Hystopia: A Novel
£42.78,star-rating Four,In stock (7 available),The Bourne Identity (Jason Bourne #1)
£48.48,star-rating Three,In stock (11 available),11/22/63
£43.19,star-rating Four,In stock (1 available),The Story of Hong Gildong
£33.14,star-rating One,In stock (15 available),The Shadow Hero (The Shadow Hero)
£17.08,star-rating Four,In stock (16 available),Camp Midnight
£51.99,star-rating Four,In stock (16 available),Danganronpa Volume 1
£56.54,star-rating Two,In stock (12 available),The Dinner Party
£30.81,star-rating One,In stock (16 available),Algorithms to Live By: The Computer Science of Human Decisions
£59.45,star-rating One,In stock (11 available),The Improbability of Love
£36.72,star-rating Four,In stock (16 available),"Codename Baboushka, Volume 1: The Conclave of Death"
£45.14,star-rating One,In stock (11 available),Lies and Other Acts of Love
£13.34,star-rating Two,In stock (11 available),Mothering Sunday
£53.64,star-rating Five,In stock (8 available),Out of Print: City Lights Spotlight No. 14
£16.34,star-rating Three,In stock (11 available),Daredevils
£22.11,star-rating Two,In stock (16 available),"Giant Days, Vol. 2 (Giant Days #5-8)"
£29.04,star-rating Five,In stock (8 available),Les Fleurs du Mal
£54.35,star-rating Two,In stock (16 available),Everydata: The Misinformation Hidden in the Little Data You Consume Every Day
£50.89,star-rating Five,In stock (14 available),"Quarter Life Poetry: Poems for the Young, Broke and Hangry"
£46.29,star-rating Five,In stock (12 available),The Silent Sister (Riley MacPherson #1)
£51.17,star-rating Five,In stock (7 available),Leave This Song Behind: Teen Poetry at Its Best
£40.45,star-rating Two,In stock (8 available),Howl and Other Poems
£54.63,star-rating Three,In stock (16 available),I am a Hero Omnibus Volume 1
£46.78,star-rating Four,In stock (14 available),salt.
£14.39,star-rating Four,In stock (14 available),Eight Hundred Grapes
£41.05,star-rating One,In stock (15 available),Night Sky with Exit Wounds
£38.28,star-rating One,In stock (15 available),"Nightingale, Sing"
£14.19,star-rating Four,In stock (15 available),Poems That Make Grown Women Cry
£43.55,star-rating Five,In stock (15 available),Scarlett Epstein Hates It Here
£29.17,star-rating Two,In stock (16 available),"I Hate Fairyland, Vol. 1: Madly Ever After (I Hate Fairyland (Compilations) #1-5)"
£57.36,star-rating Five,In stock (16 available),Immunity: How Elie Metchnikoff Changed the Course of Modern Medicine
£25.01,star-rating Three,In stock (14 available),Cometh the Hour (The Clifton Chronicles #6)
£17.03,star-rating Three,In stock (14 available),Balloon Animals
£11.21,star-rating Five,In stock (14 available),Dear Mr. Knightley
£39.72,star-rating One,In stock (14 available),A Man Called Ove
£31.69,star-rating Three,In stock (3 available),Naked
£51.07,star-rating Two,In stock (3 available),Holidays on Ice
£55.50,star-rating Five,In stock (3 available),"Lamb: The Gospel According to Biff, Christ's Childhood Pal"
£37.26,star-rating Four,In stock (1 available),Bounty (Colorado Mountain #7)
£14.86,star-rating Two,In stock (16 available),Obsidian (Lux #1)
£15.44,star-rating Four,In stock (16 available),"Outcast, Vol. 1: A Darkness Surrounds Him (Outcast #1)"
£18.97,star-rating One,In stock (16 available),"Pop Gun War, Volume 1: Gift"
£10.16,star-rating Three,In stock (16 available),Patience
£46.91,star-rating Two,In stock (16 available),"Lumberjanes, Vol. 2: Friendship to the Max (Lumberjanes #5-8)"
£48.41,star-rating One,In stock (16 available),orange: The Complete Collection 1 (orange: The Complete Collection #1)
£58.99,star-rating Three,In stock (1 available),Listen to Me (Fusion #1)
£55.35,star-rating One,In stock (14 available),Don't Get Caught
£34.74,star-rating Four,In stock (1 available),Imperfect Harmony
£50.83,star-rating Three,In stock (14 available),Catching Jordan (Hundred Oaks)
£13.61,star-rating Five,In stock (16 available),"Princess Jellyfish 2-in-1 Omnibus, Vol. 01 (Princess Jellyfish 2-in-1 Omnibus #1)"
£29.93,star-rating Five,In stock (7 available),"At The Existentialist Café: Freedom, Being, and apricot cocktails with: Jean-Paul Sartre, Simone de Beauvoir, Albert Camus, Martin Heidegger, Edmund Husserl, Karl Jaspers, Maurice Merleau-Ponty and others"
£58.14,star-rating Four,In stock (14 available),Aristotle and Dante Discover the Secrets of the Universe (Aristotle and Dante Discover the Secrets of the Universe #1)
£14.44,star-rating Five,In stock (12 available),The Epidemic (The Program 0.6)
£21.36,star-rating One,In stock (15 available),Follow You Home
£29.99,star-rating Five,In stock (15 available),Frostbite (Vampire Academy #2)
£41.62,star-rating Four,In stock (15 available),"Fables, Vol. 1: Legends in Exile (Fables #1)"
£39.24,star-rating Three,In stock (1 available),Fighting Fate (Fighting #6)
£48.05,star-rating Two,In stock (12 available),Stars Above (The Lunar Chronicles #4.5)
£49.43,star-rating Four,In stock (15 available),Full Moon over Noah’s Ark: An Odyssey to Mount Ararat and Beyond
£48.56,star-rating Five,In stock (15 available),Library of Souls (Miss Peregrine’s Peculiar Children #3)
£41.24,star-rating One,In stock (1 available),Charity's Cross (Charles Towne Belles #4)
£38.92,star-rating Two,In stock (1 available),My Perfect Mistake (Over the Top #1)
£47.09,star-rating Five,In stock (1 available),Deep Under (Walker Security #1)
£20.75,star-rating One,In stock (5 available),Critique of Pure Reason
£20.02,star-rating One,In stock (2 available),"Run, Spot, Run: The Ethics of Keeping Pets"
£14.36,star-rating Two,In stock (14 available),Wild Swans
£46.31,star-rating Two,In stock (14 available),Until Friday Night (The Field Party #1)
£27.12,star-rating Two,In stock (14 available),This Is Where It Ends
£16.77,star-rating Three,In stock (16 available),The Life-Changing Magic of Tidying Up: The Japanese Art of Decluttering and Organizing
£20.59,star-rating Five,In stock (16 available),"The Inefficiency Assassin: Time Management Tactics for Working Smarter, Not Longer"
£37.13,star-rating One,In stock (16 available),The Gutsy Girl: Escapades for Your Life of Epic Adventure
£35.35,star-rating Five,In stock (14 available),The Darkest Lie
£40.36,star-rating One,In stock (14 available),My Kind of Crazy
£11.10,star-rating Three,In stock (3 available),Reservations for Two
£27.41,star-rating Two,In stock (3 available),Best of My Love (Fool's Gold #20)
£39.77,star-rating Three,In stock (1 available),Where Lightning Strikes (Bleeding Stars #3)
£48.71,star-rating One,In stock (1 available),This One Moment (Pushing Limits #1)
£28.34,star-rating Two,In stock (1 available),"Rhythm, Chord & Malykhin"
£45.43,star-rating One,In stock (3 available),The Obsession
£15.38,star-rating Five,In stock (15 available),Batman: The Dark Knight Returns (Batman)
£23.89,star-rating Four,In stock (16 available),"The Mindfulness and Acceptance Workbook for Anxiety: A Guide to Breaking Free from Anxiety, Phobias, and Worry Using Acceptance and Commitment Therapy"
£36.50,star-rating Two,In stock (15 available),Batman: The Long Halloween (Batman)
£54.11,star-rating Three,In stock (16 available),The Murder That Never Was (Forensic Instincts #5)
£37.34,star-rating Four,In stock (14 available),"Wonder Woman: Earth One, Volume One (Wonder Woman: Earth One #1)"
£38.16,star-rating Four,In stock (16 available),The Nameless City (The Nameless City #1)
£51.22,star-rating Three,In stock (3 available),"Friday Night Lights: A Town, a Team, and a Dream"
£24.42,star-rating One,In stock (2 available),Sugar Rush (Offensive Line #2)
£44.91,star-rating Two,In stock (1 available),Settling the Score (The Summer Games #1)
£40.44,star-rating Four,In stock (1 available),Icing (Aces Hockey #2)
£44.84,star-rating Five,In stock (3 available),The Book of Basketball: The NBA According to The Sports Guy
£28.90,star-rating One,In stock (14 available),Mr. Mercedes (Bill Hodges Trilogy #1)
£10.60,star-rating Four,In stock (14 available),I Am Pilgrim (Pilgrim #1)
£33.95,star-rating Four,In stock (9 available),"Fruits Basket, Vol. 9 (Fruits Basket #9)"
£14.10,star-rating Five,In stock (8 available),Roller Girl
£10.90,star-rating Two,In stock (14 available),"Adulthood Is a Myth: A ""Sarah's Scribbles"" Collection"
£56.43,star-rating One,In stock (4 available),A Walk to Remember
£12.25,star-rating One,In stock (3 available),The Purest Hook (Second Circle Tattoos #3)
£48.80,star-rating Three,In stock (14 available),Art Ops Vol. 1
£27.09,star-rating Three,In stock (14 available),Eligible (The Austen Project #4)
£43.29,star-rating Three,In stock (15 available),The Mistake (Off-Campus #2)
£55.85,star-rating One,In stock (15 available),The Matchmaker's Playbook (Wingmen Inc. #1)
£36.29,star-rating Five,In stock (1 available),The Hook Up (Game On #1)
£58.35,star-rating Three,In stock (1 available),Shameless
£39.45,star-rating Five,In stock (1 available),Off Sides (Off #1)
£30.54,star-rating One,In stock (6 available),The Great Railway Bazaar
£25.38,star-rating Two,In stock (14 available),Through the Woods
£54.04,star-rating One,In stock (14 available),The Rosie Project (Don Tillman #1)
£56.88,star-rating Four,In stock (6 available),A Year in Provence (Provence #1)
£38.95,star-rating Three,In stock (3 available),Neither Here nor There: Travels in Europe
£26.08,star-rating Five,In stock (1 available),"1,000 Places to See Before You Die"
£53.90,star-rating One,In stock (14 available),"We Are Robin, Vol. 1: The Vigilante Business (We Are Robin #1)"
£59.92,star-rating Five,In stock (6 available),The Barefoot Contessa Cookbook
£23.21,star-rating One,In stock (3 available),The Road to Little Dribbling: Adventures of an American in Britain (Notes From a Small Island #2)
£51.51,star-rating Two,In stock (14 available),Lowriders to the Center of the Earth (Lowriders in Space #2)
£47.82,star-rating Three,In stock (14 available),Robin War
£57.62,star-rating Five,In stock (14 available),El Deafo
£32.01,star-rating Two,In stock (14 available),Batman: Europa
£38.39,star-rating Two,In stock (14 available),"Naruto (3-in-1 Edition), Vol. 14: Includes Vols. 40, 41 & 42 (Naruto: Omnibus #14)"
£28.25,star-rating Two,In stock (7 available),How to Be a Domestic Goddess: Baking and the Art of Comfort Cooking
£42.96,star-rating Four,In stock (16 available),The Most Perfect Thing: Inside (and Outside) a Bird's Egg
£48.87,star-rating Three,In stock (14 available),See America: A Celebration of Our National Parks & Treasured Sites
£44.34,star-rating Two,In stock (7 available),A Summer In Europe
£21.82,star-rating Three,In stock (8 available),Rising Strong
£37.33,star-rating Three,In stock (7 available),Under the Tuscan Sun
£36.94,star-rating Two,In stock (8 available),Vagabonding: An Uncommon Guide to the Art of Long-Term World Travel
£46.01,star-rating Four,In stock (7 available),How to Cook Everything Vegetarian: Simple Meatless Recipes for Great Food (How to Cook Everything)
£29.48,star-rating Three,In stock (8 available),Man's Search for Meaning
£23.40,star-rating One,In stock (14 available),The Loney
£25.06,star-rating Two,In stock (8 available),"Love That Boy: What Two Presidents, Eight Road Trips, and My Son Taught Me About a Parent's Expectations"
£12.55,star-rating Three,In stock (8 available),Living Forward: A Proven Plan to Stop Drifting and Get the Life You Want
£44.21,star-rating One,In stock (8 available),I Will Find You
£16.88,star-rating Three,In stock (14 available),The Power of Habit: Why We Do What We Do in Life and Business
£19.22,star-rating Two,In stock (8 available),Brazen: The Courage to Find the You That's Been Hiding
£25.48,star-rating Two,In stock (14 available),"Red Hood/Arsenal, Vol. 1: Open for Business (Red Hood/Arsenal #1)"
£35.43,star-rating Four,In stock (14 available),"So Cute It Hurts!!, Vol. 6 (So Cute It Hurts!! #6)"
£47.61,star-rating Five,In stock (17 available),Private Paris (Private #10)
£26.41,star-rating Two,In stock (17 available),Reasons to Stay Alive
£11.89,star-rating Five,In stock (14 available),Superman Vol. 1: Before Truth (Superman by Gene Luen Yang #1)
£57.31,star-rating Three,In stock (17 available),Slow States of Collapse: Poems
£16.28,star-rating Two,In stock (5 available),Peak: Secrets from the New Science of Expertise
£23.11,star-rating Five,In stock (17 available),#HigherSelfie: Wake Up Your Life. Free Your Soul. Find Your Tribe.
£39.36,star-rating Two,In stock (8 available),When Breath Becomes Air
£17.76,star-rating One,In stock (8 available),Why Not Me?
£13.03,star-rating Four,In stock (3 available),"The Elegant Universe: Superstrings, Hidden Dimensions, and the Quest for the Ultimate Theory"
£34.06,star-rating Three,In stock (8 available),"Zero to One: Notes on Startups, or How to Build the Future"
£35.92,star-rating Two,In stock (9 available),Chernobyl 01:23:40: The Incredible True Story of the World's Worst Nuclear Disaster
£30.60,star-rating Four,In stock (3 available),Seven Brief Lessons on Physics
£38.89,star-rating Five,In stock (8 available),Smarter Faster Better: The Secrets of Being Productive in Life and Business
£29.45,star-rating One,In stock (1 available),The Selfish Gene
£28.45,star-rating Four,In stock (8 available),"The Midnight Assassin: Panic, Scandal, and the Hunt for America's First Serial Killer"
£57.35,star-rating Five,In stock (3 available),"The Disappearing Spoon: And Other True Tales of Madness, Love, and the History of the World from the Periodic Table of the Elements"
£53.63,star-rating Two,In stock (8 available),32 Yolks
£12.34,star-rating Four,In stock (9 available),"The Moosewood Cookbook: Recipes from Moosewood Restaurant, Ithaca, New York"
£25.83,star-rating Two,In stock (3 available),"Surely You're Joking, Mr. Feynman!: Adventures of a Curious Character"
£10.56,star-rating Three,In stock (14 available),Pet Sematary
£39.50,star-rating Five,In stock (14 available),Steve Jobs
£20.50,star-rating Three,In stock (11 available),Cravings: Recipes for What You Want to Eat
£44.74,star-rating Four,In stock (14 available),Sorting the Beef from the Bull: The Science of Food Fraud Forensics
£38.77,star-rating One,In stock (12 available),"A la Mode: 120 Recipes in 60 Pairings: Pies, Tarts, Cakes, Crisps, and More Topped with Ice Cream, Gelato, Frozen Custard, and More"
£16.89,star-rating Five,In stock (11 available),"Mother, Can You Not?"
£37.55,star-rating One,In stock (12 available),Tipping Point for Planet Earth: How Close Are We to the Edge?
£55.91,star-rating One,In stock (9 available),"The Fabric of the Cosmos: Space, Time, and the Texture of Reality"
£11.68,star-rating Four,In stock (11 available),"The Sleep Revolution: Transforming Your Life, One Night at a Time"
£41.46,star-rating Four,In stock (12 available),Furiously Happy: A Funny Book About Horrible Things
£21.21,star-rating Three,In stock (12 available),Snatched: How A Drug Queen Went Undercover for the DEA and Was Kidnapped By Colombian Guerillas
£10.01,star-rating Four,In stock (7 available),The Origin of Species
£13.76,star-rating Three,In stock (5 available),The Grand Design
£24.57,star-rating Two,In stock (10 available),"10% Happier: How I Tamed the Voice in My Head, Reduced Stress Without Losing My Edge, and Found Self-Help That Actually Works"
£28.41,star-rating One,In stock (8 available),Diary of a Citizen Scientist: Chasing Tiger Beetles and Other New Ways of Engaging the World
£20.10,star-rating Five,In stock (12 available),Everyday Italian: 125 Simple and Delicious Recipes
£44.88,star-rating Two,In stock (3 available),Rework
£51.74,star-rating One,In stock (7 available),"Rich Dad, Poor Dad"
£33.92,star-rating Three,In stock (3 available),The Lean Startup: How Today's Entrepreneurs Use Continuous Innovation to Create Radically Successful Businesses
£36.91,star-rating One,In stock (8 available),The E-Myth Revisited: Why Most Small Businesses Don't Work and What to Do About It
£21.59,star-rating Five,In stock (11 available),Born for This: How to Find the Work You Were Meant to Do
£38.85,star-rating Five,In stock (14 available),Made to Stick: Why Some Ideas Survive and Others Die
£21.00,star-rating Three,In stock (11 available),The Art of Startup Fundraising
£43.14,star-rating One,In stock (12 available),Quench Your Own Thirst: Business Lessons Learned Over a Beer or Two
£19.53,star-rating Three,In stock (11 available),A Mother's Reckoning: Living in the Aftermath of Tragedy
£22.11,star-rating One,In stock (3 available),Big Little Lies
£47.02,star-rating Three,In stock (14 available),"Hush, Hush (Hush, Hush #1)"
£16.28,star-rating Five,In stock (14 available),Lady Midnight (The Dark Artifices #1)
£49.13,star-rating Five,In stock (3 available),Crazy Rich Asians (Crazy Rich Asians #1)
£49.83,star-rating Three,In stock (14 available),Luckiest Girl Alive
£16.78,star-rating Three,In stock (2 available),The Course of Love
£41.00,star-rating Five,In stock (3 available),Inferno (Robert Langdon #4)
£23.99,star-rating Two,In stock (15 available),Shoe Dog: A Memoir by the Creator of NIKE
£59.90,star-rating Three,In stock (12 available),The Diary of a Young Girl
£46.91,star-rating Four,In stock (14 available),"Living Leadership by Insight: A Good Leader Achieves, a Great Leader Builds Monuments"
£33.26,star-rating Two,In stock (12 available),The Lonely City: Adventures in the Art of Being Alone
£14.54,star-rating Two,In stock (3 available),The Guns of August
£27.55,star-rating Three,In stock (15 available),The 10% Entrepreneur: Live Your Startup Dream Without Quitting Your Day Job
£55.91,star-rating Four,In stock (5 available),The Hiding Place
£12.61,star-rating Five,In stock (15 available),The Third Wave: An Entrepreneur’s Vision of the Future
£43.70,star-rating Two,In stock (3 available),"House of Lost Worlds: Dinosaurs, Dynasties, and the Story of Life on Earth"
£58.55,star-rating Four,In stock (6 available),Catherine the Great: Portrait of a Woman
£22.96,star-rating Two,In stock (3 available),The Da Vinci Code (Robert Langdon #2)
£42.91,star-rating Five,In stock (5 available),The Mathews Men: Seven Brothers and the War Against Hitler's U-boats
£22.10,star-rating One,In stock (3 available),The Art of Fielding
£12.47,star-rating Three,In stock (3 available),Lila (Gilead #3)
£44.97,star-rating One,In stock (3 available),Jurassic Park (Jurassic Park #1)
£46.47,star-rating Three,In stock (14 available),Every Last Word
£10.23,star-rating Five,In stock (14 available),Greek Mythic History
£27.41,star-rating One,In stock (3 available),The Infinities
£52.51,star-rating Five,In stock (3 available),The Husband's Secret
£51.22,star-rating Two,In stock (5 available),America's War for the Greater Middle East: A Military History
£36.58,star-rating One,In stock (14 available),Daily Fantasy Sports
£40.12,star-rating Two,In stock (14 available),Doctor Sleep (The Shining #2)
£52.40,star-rating Five,In stock (7 available),A Short History of Nearly Everything
£39.67,star-rating Two,In stock (6 available),The Rise and Fall of the Third Reich: A History of Nazi Germany
£14.58,star-rating Three,In stock (14 available),A Distant Mirror: The Calamitous 14th Century
£11.45,star-rating Three,In stock (8 available),Brilliant Beacons: A History of the American Lighthouse
£24.70,star-rating Three,In stock (14 available),Zealot: The Life and Times of Jesus of Nazareth
£21.80,star-rating Three,In stock (14 available),1491: New Revelations of the Americas Before Columbus
£59.64,star-rating One,In stock (15 available),Thomas Jefferson and the Tripoli Pirates: The Forgotten War That Changed American History
£44.48,star-rating Five,In stock (8 available),"""Most Blessed of the Patriarchs"": Thomas Jefferson and the Empire of the Imagination"
£58.00,star-rating Five,In stock (5 available),Digital Fortress
£26.58,star-rating Five,In stock (4 available),Atlas Shrugged
£36.28,star-rating Two,In stock (16 available),"Political Suicide: Missteps, Peccadilloes, Bad Calls, Backroom Hijinx, Sordid Pasts, Rotten Breaks, and Just Plain Dumb Mistakes in the Annals of American Politics"
£23.21,star-rating Three,In stock (3 available),Three-Martini Lunch
£26.26,star-rating Four,In stock (3 available),The Nightingale
£15.77,star-rating One,In stock (3 available),The Travelers
£34.93,star-rating Two,In stock (4 available),Far From True (Promise Falls Trilogy #2)
£51.48,star-rating Three,In stock (14 available),Angels & Demons (Robert Langdon #1)
£19.73,star-rating One,In stock (16 available),The Age of Genius: The Seventeenth Century and the Birth of the Modern Mind
£25.52,star-rating One,In stock (16 available),"Unbound: How Eight Technologies Made Us Human, Transformed Society, and Brought Our World to the Brink"
£31.85,star-rating Three,In stock (14 available),"Carry On, Warrior: Thoughts on Life Unarmed"
£47.27,star-rating One,In stock (14 available),City of Ashes (The Mortal Instruments #2)
£43.28,star-rating One,In stock (14 available),City of Bones (The Mortal Instruments #1)
£11.23,star-rating Four,In stock (14 available),City of Fallen Angels (The Mortal Instruments #4)
£54.89,star-rating One,In stock (3 available),House of Leaves
£44.14,star-rating One,In stock (14 available),Clockwork Angel (The Infernal Devices #1)
£46.23,star-rating Two,In stock (14 available),Carrie
£34.22,star-rating Five,In stock (5 available),Siddhartha
£57.86,star-rating Two,In stock (3 available),The Stand
£49.47,star-rating Three,In stock (3 available),The Girl with All the Gifts
£59.98,star-rating Three,In stock (5 available),Last One Home (New Beginnings #1)
£49.56,star-rating Four,In stock (4 available),'Salem's Lot
£40.32,star-rating Four,In stock (6 available),Deception Point
£24.73,star-rating Three,In stock (5 available),The Little Paris Bookshop
£45.56,star-rating Three,In stock (5 available),The Firm
£44.58,star-rating Two,In stock (5 available),The Expatriates
£31.49,star-rating Four,In stock (5 available),Killing Floor (Jack Reacher #1)
£59.71,star-rating Three,In stock (4 available),The Bone Hunters (Lexy Vaughan & Steven Macaulay #2)
£18.32,star-rating Two,In stock (6 available),Give It Back
£34.79,star-rating Two,In stock (4 available),Misery
£25.01,star-rating Three,In stock (4 available),It
£13.82,star-rating Two,In stock (14 available),The Guilty (Will Robie #4)
£39.24,star-rating One,In stock (14 available),The 14th Colony (Cotton Malone #11)
£43.61,star-rating Five,In stock (14 available),You (You #1)
£47.51,star-rating Four,In stock (4 available),Needful Things
£11.53,star-rating Two,In stock (13 available),My Kitchen Year: 136 Recipes That Saved My Life
£13.33,star-rating Three,In stock (13 available),"The Three Searches, Meaning, and the Story"
£11.75,star-rating Three,In stock (2 available),"Saga, Volume 2 (Saga (Collected Editions) #2)"
£11.64,star-rating Five,In stock (2 available),"Fruits Basket, Vol. 2 (Fruits Basket #2)"
£28.01,star-rating One,In stock (14 available),Barefoot Contessa Back to Basics
£50.62,star-rating Five,In stock (14 available),Barefoot Contessa at Home: Everyday Recipes You'll Make Over and Over Again
£45.17,star-rating Two,In stock (3 available),"Fruits Basket, Vol. 3 (Fruits Basket #3)"
£49.31,star-rating One,In stock (3 available),"Black Butler, Vol. 1 (Black Butler #1)"
£23.37,star-rating Three,In stock (5 available),Red Dragon (Hannibal Lecter #1)
£38.02,star-rating Two,In stock (3 available),Awkward
£35.63,star-rating Five,In stock (5 available),Dracula the Un-Dead
£54.81,star-rating One,In stock (2 available),"The Sandman, Vol. 2: The Doll's House (The Sandman (volumes) #2)"
£12.75,star-rating Four,In stock (4 available),Night Shift (Night Shift #1-20)
£48.64,star-rating One,In stock (12 available),Can You Keep a Secret? (Fear Street Relaunch #4)
£28.77,star-rating Three,In stock (14 available),The Help Yourself Cookbook for Kids: 60 Easy Plant-Based Recipes Kids Can Make to Stay Healthy and Save the Earth
£42.16,star-rating Three,In stock (15 available),"Deliciously Ella Every Day: Quick and Easy Recipes for Gluten-Free Snacks, Packed Lunches, and Simple Meals"
£37.60,star-rating Two,In stock (15 available),The Love and Lemons Cookbook: An Apple-to-Zucchini Celebration of Impromptu Cooking
£36.97,star-rating Five,In stock (12 available),Psycho: Sanitarium (Psycho #1.5)
£19.55,star-rating One,In stock (14 available),"It's All Easy: Healthy, Delicious Weeknight Meals in under 30 Minutes"
£40.11,star-rating One,In stock (16 available),"Layered: Baking, Building, and Styling Spectacular Cakes"
£37.34,star-rating Five,In stock (15 available),The Nerdy Nummies Cookbook: Sweet Treats for the Geek in All of Us
£33.37,star-rating Two,In stock (16 available),My Paris Kitchen: Recipes and Stories
£41.25,star-rating One,In stock (15 available),The Cookies & Cups Cookbook: 125+ sweet & savory recipes reminding you to Always Eat Dessert First
£56.41,star-rating One,In stock (16 available),"The Pioneer Woman Cooks: Dinnertime: Comfort Classics, Freezer Food, 16-Minute Meals, and Other Delicious Ways to Solve Supper!"
£31.45,star-rating Three,In stock (3 available),Original Fake
£42.72,star-rating One,In stock (3 available),"Grayson, Vol 3: Nemesis (Grayson #3)"
£14.02,star-rating Four,In stock (16 available),"Mama Tried: Traditional Italian Cooking for the Screwed, Crude, Vegan, and Tattooed"
£43.63,star-rating Three,In stock (3 available),Prodigy: The Graphic Novel (Legend: The Graphic Novel #2)
£39.13,star-rating One,In stock (3 available),Persepolis: The Story of a Childhood (Persepolis #1-2)
£16.85,star-rating Two,In stock (15 available),Louisa: The Extraordinary Life of Mrs. Adams
£52.79,star-rating Five,In stock (14 available),Someone Like You (The Harrisons #2)
£21.57,star-rating Five,In stock (3 available),"Saga, Volume 3 (Saga (Collected Editions) #3)"
£20.91,star-rating One,In stock (9 available),If I Gave You God's Phone Number....: Searching for Spirituality in America
£32.24,star-rating Five,In stock (16 available),The Activist's Tao Te Ching: Ancient Advice for a Modern Revolution
£37.80,star-rating Two,In stock (15 available),Chasing Heaven: What Dying Taught Me About Living
£31.77,star-rating One,In stock (16 available),When We Collided
£13.12,star-rating Two,In stock (5 available),Logan Kade (Fallen Crest High #5.5)
£50.44,star-rating Four,In stock (4 available),"Fruits Basket, Vol. 4 (Fruits Basket #4)"
£55.55,star-rating Five,In stock (3 available),"The Sandman, Vol. 3: Dream Country (The Sandman (volumes) #3)"
£14.41,star-rating Three,In stock (3 available),"The Wicked + The Divine, Vol. 3: Commercial Suicide (The Wicked + The Divine)"
£52.41,star-rating One,In stock (5 available),"Death Note, Vol. 5: Whiteout (Death Note #5)"
£56.51,star-rating Five,In stock (12 available),Eleanor & Park
£48.39,star-rating Two,In stock (11 available),Troublemaker: Surviving Hollywood and Scientology
£58.32,star-rating Five,In stock (12 available),How to Speak Golf: An Illustrated Guide to Links Lingo
£46.49,star-rating Five,In stock (6 available),How to Stop Worrying and Start Living
£16.33,star-rating One,In stock (5 available),"Fruits Basket, Vol. 5 (Fruits Basket #5)"
£27.88,star-rating Two,In stock (4 available),"The Demon Prince of Momochi House, Vol. 4 (The Demon Prince of Momochi House #4)"
£12.08,star-rating Three,In stock (7 available),You Are a Badass: How to Stop Doubting Your Greatness and Start Living an Awesome Life
£52.15,star-rating Three,In stock (14 available),"Overload: How to Unplug, Unwind, and Unleash Yourself from the Pressure of Stress"
£49.67,star-rating Four,In stock (12 available),Raspberry Pi Electronics Projects for the Evil Genius
£29.87,star-rating Five,In stock (14 available),All the Light We Cannot See
£15.79,star-rating One,In stock (6 available),The Girl You Left Behind (The Girl You Left Behind #1)
£19.57,star-rating One,In stock (7 available),"Fruits Basket, Vol. 7 (Fruits Basket #7)"
£20.96,star-rating Four,In stock (6 available),"Fruits Basket, Vol. 6 (Fruits Basket #6)"
£36.39,star-rating Three,In stock (6 available),"Death Note, Vol. 6: Give-and-Take (Death Note #6)"
£46.35,star-rating One,In stock (16 available),Online Marketing for Busy Authors: A Step-By-Step Guide
£47.72,star-rating Two,In stock (14 available),Crazy Love: Overwhelmed by a Relentless God
£27.80,star-rating One,In stock (4 available),God Is Not Great: How Religion Poisons Everything
£46.03,star-rating One,In stock (16 available),How to Be Miserable: 40 Strategies You Already Use
£58.09,star-rating One,In stock (3 available),"Unstuffed: Decluttering Your Home, Mind, and Soul"
£20.88,star-rating Five,In stock (11 available),Adultery
£28.23,star-rating Two,In stock (4 available),The Geography of Bliss: One Grump's Search for the Happiest Places in the World
£50.66,star-rating Three,In stock (3 available),Very Good Lives: The Fringe Benefits of Failure and the Importance of Imagination
£31.95,star-rating Three,In stock (3 available),We the People: The Modern-Day Figures Who Have Reshaped and Affirmed the Founding Fathers' Vision of America
£58.33,star-rating Three,In stock (8 available),Silence in the Dark (Logan Point #4)
£35.88,star-rating One,In stock (8 available),The Grownup
£54.07,star-rating Two,In stock (14 available),"Eat Fat, Get Thin"
£56.86,star-rating One,In stock (12 available),Equal Is Unfair: America's Misguided Fight Against Income Inequality
£54.81,star-rating Five,In stock (9 available),Suzie Snowflake: One beautiful flake (a self-esteem story)
£54.00,star-rating Five,In stock (16 available),(Un)Qualified: How God Uses Broken People to Do Big Things
£25.15,star-rating Four,In stock (5 available),Talking to Girls About Duran Duran: One Young Man's Quest for True Love and a Cooler Haircut
£31.63,star-rating Four,In stock (5 available),My Mother Was Nuts
£49.05,star-rating Three,In stock (16 available),"The Bulletproof Diet: Lose up to a Pound a Day, Reclaim Energy and Focus, Upgrade Your Life"
£30.00,star-rating One,In stock (3 available),Under the Banner of Heaven: A Story of Violent Faith
£19.63,star-rating One,In stock (18 available),"In a Dark, Dark Wood"
£18.02,star-rating Two,In stock (18 available),Maude (1883-1993):She Grew Up with the country
£38.71,star-rating Three,In stock (4 available),The Jazz of Physics: The Secret Link Between Music and the Structure of the Universe
£52.65,star-rating Four,In stock (14 available),Why the Right Went Wrong: Conservatism--From Goldwater to the Tea Party and Beyond
£47.44,star-rating Two,In stock (9 available),Modern Day Fables
£10.41,star-rating Four,In stock (9 available),"NaNo What Now? Finding your editing process, revising your NaNoWriMo book and building a writing career through publishing and beyond"
£16.68,star-rating Two,In stock (9 available),The Flowers Lied
£44.05,star-rating Five,In stock (9 available),The New Brand You: Your New Image Makes the Sale for You
£11.82,star-rating Two,In stock (9 available),Underlying Notes
£33.29,star-rating Three,In stock (18 available),Penny Maybe
£58.87,star-rating Four,In stock (9 available),Unlimited Intuition Now
£32.35,star-rating Three,In stock (5 available),"Data, A Love Story: How I Gamed Online Dating to Meet My Match"
£46.64,star-rating Two,In stock (7 available),Finding God in the Ruins: How God Redeems Pain
£45.13,star-rating Three,In stock (7 available),For the Love: Fighting for Grace in a World of Impossible Standards
£16.81,star-rating Four,In stock (4 available),The Gunning of America: Business and the Making of American Gun Culture
£49.98,star-rating Four,In stock (6 available),In Cold Blood
£42.14,star-rating Three,In stock (6 available),"Girl, Interrupted"
£15.94,star-rating Five,In stock (18 available),Sophie's World
£36.89,star-rating One,In stock (18 available),The Bear and the Piano
£48.67,star-rating Two,In stock (5 available),Why Save the Bankers?: And Other Essays on Our Economic and Political Crisis
£23.82,star-rating Five,In stock (18 available),The Elephant Tree
£59.45,star-rating Four,In stock (6 available),The Man Who Mistook His Wife for a Hat and Other Clinical Tales
£17.66,star-rating Five,In stock (18 available),The Four Agreements: A Practical Guide to Personal Freedom
£44.18,star-rating Four,In stock (18 available),Wall and Piece
£41.39,star-rating Two,In stock (8 available),The Martian (The Martian #1)
£43.62,star-rating Five,In stock (8 available),The Unlikely Pilgrimage of Harold Fry (Harold Fry #1)
£53.13,star-rating Three,In stock (19 available),Aladdin and His Wonderful Lamp
£31.05,star-rating Three,In stock (18 available),The Five Love Languages: How to Express Heartfelt Commitment to Your Mate
£54.64,star-rating Three,In stock (19 available),Birdsong: A Story in Pictures
£22.50,star-rating Three,In stock (19 available),America's Cradle of Quarterbacks: Western Pennsylvania's Football Factory from Johnny Unitas to Joe Montana
£57.20,star-rating Five,In stock (1 available),Kitchens of the Great Midwest
£30.66,star-rating Three,In stock (1 available),The Bette Davis Club
£39.07,star-rating Five,In stock (1 available),Bright Lines
£56.91,star-rating Four,In stock (8 available),Between the World and Me
£13.20,star-rating Three,In stock (8 available),"A Murder Over a Girl: Justice, Gender, Junior High"
£34.53,star-rating Five,In stock (19 available),Black Dust
£25.27,star-rating Five,In stock (19 available),Chase Me (Paris Nights #2)
£37.32,star-rating Two,In stock (19 available),How Music Works
£12.84,star-rating One,In stock (19 available),In Her Wake
£40.30,star-rating Five,In stock (18 available),Worlds Elsewhere: Journeys Around Shakespeare’s Globe
£30.52,star-rating Three,In stock (19 available),"Foolproof Preserving: A Guide to Small Batch Jams, Jellies, Pickles, Condiments, and More: A Foolproof Guide to Making Small Batch Jams, Jellies, Pickles, Condiments, and More"
£56.48,star-rating One,In stock (8 available),I'll Give You the Sun
£56.76,star-rating Four,In stock (1 available),"Giant Days, Vol. 1 (Giant Days #1-4)"
£40.28,star-rating Five,In stock (1 available),"Fruits Basket, Vol. 1 (Fruits Basket #1)"
£57.06,star-rating Four,In stock (1 available),"Ajin: Demi-Human, Volume 1 (Ajin: Demi-Human #1)"
£12.34,star-rating Five,In stock (1 available),The Silent Wife
£34.65,star-rating Five,In stock (1 available),"Bleach, Vol. 1: Strawberry and the Soul Reapers (Bleach #1)"
£20.22,star-rating Four,In stock (8 available),John Vassos: Industrial Design for Modern Life
£40.72,star-rating Two,In stock (8 available),Left Behind (Left Behind #1)
£51.96,star-rating Three,In stock (1 available),When I'm Gone
£28.48,star-rating One,In stock (1 available),"Saga, Volume 1 (Saga (Collected Editions) #1)"
£55.06,star-rating Four,In stock (8 available),Being Mortal: Medicine and What Matters in the End
£46.96,star-rating Five,In stock (1 available),"Rat Queens, Vol. 1: Sass & Sorcery (Rat Queens (Collected Editions) #1-5)"
£21.71,star-rating Four,In stock (1 available),"Paper Girls, Vol. 1 (Paper Girls #1-5)"
£29.87,star-rating Three,In stock (1 available),"Ouran High School Host Club, Vol. 1 (Ouran High School Host Club #1)"
£37.51,star-rating Four,In stock (8 available),Death by Leisure: A Cautionary Tale
£34.72,star-rating One,In stock (7 available),The Year of Living Biblically: One Man's Humble Quest to Follow the Bible as Literally as Possible
£43.64,star-rating One,In stock (8 available),Ender's Game (The Ender Quintet #1)
£22.14,star-rating Two,In stock (7 available),Wildlife of New York: A Five-Borough Coloring Book
£39.39,star-rating Four,In stock (1 available),"Ms. Marvel, Vol. 1: No Normal (Ms. Marvel (2014-2015) #1)"
£45.24,star-rating Three,In stock (1 available),"Hawkeye, Vol. 1: My Life as a Weapon (Hawkeye #1)"
£40.83,star-rating Four,In stock (1 available),The Art of Not Breathing
£18.51,star-rating Four,In stock (1 available),"Y: The Last Man, Vol. 1: Unmanned (Y: The Last Man #1)"
£36.52,star-rating Two,In stock (1 available),"The Wicked + The Divine, Vol. 1: The Faust Act (The Wicked + The Divine)"
£10.64,star-rating Three,In stock (1 available),The Complete Maus (Maus #1-2)
£42.12,star-rating Three,In stock (1 available),"Skip Beat!, Vol. 01 (Skip Beat! #1)"
£33.17,star-rating Four,In stock (7 available),The 7 Habits of Highly Effective People: Powerful Lessons in Personal Change
£20.90,star-rating Two,In stock (7 available),Steal Like an Artist: 10 Things Nobody Told You About Being Creative
£26.09,star-rating One,In stock (3 available),Cinder (The Lunar Chronicles #1)
£49.03,star-rating Three,In stock (7 available),The Good Girl
£21.12,star-rating Three,In stock (3 available),Boy Meets Boy
£12.86,star-rating Four,In stock (2 available),New Moon (Twilight #2)
£53.47,star-rating One,In stock (2 available),Girl Online On Tour (Girl Online #2)
£36.83,star-rating Five,In stock (3 available),Annie on My Mind
£52.86,star-rating Two,In stock (8 available),Heaven is for Real: A Little Boy's Astounding Story of His Trip to Heaven and Back
£36.05,star-rating Four,In stock (7 available),The Great Gatsby
£27.89,star-rating Five,In stock (1 available),The Haters
£26.66,star-rating Five,In stock (3 available),Gratitude
£44.92,star-rating Three,In stock (3 available),The New Guy (and Other Senior Year Distractions)
£29.64,star-rating Four,In stock (3 available),"The Land of 10,000 Madonnas"
£13.22,star-rating Four,In stock (7 available),Life of Pi
£32.74,star-rating Two,In stock (3 available),Two Boys Kissing
£54.12,star-rating Three,In stock (1 available),"The Sandman, Vol. 1: Preludes and Nocturnes (The Sandman (volumes) #1)"
£28.88,star-rating Two,In stock (3 available),I Am Malala: The Girl Who Stood Up for Education and Was Shot by the Taliban
£14.57,star-rating Four,In stock (3 available),Scarlet (The Lunar Chronicles #2)
£53.04,star-rating Five,In stock (3 available),Lady Renegades (Rebel Belle #3)
£58.75,star-rating Four,In stock (1 available),Myriad (Prentor #1)
£42.21,star-rating Four,In stock (3 available),Golden (Heart of Dread #3)
£43.69,star-rating Four,In stock (3 available),Legend (Legend #1)
£52.94,star-rating Two,In stock (1 available),One Second (Seven #7)
£50.96,star-rating One,In stock (3 available),#GIRLBOSS
£36.17,star-rating Two,In stock (3 available),Cosmos
£22.20,star-rating One,In stock (3 available),Letter to a Christian Nation
£45.11,star-rating One,In stock (3 available),Let's Pretend This Never Happened: A Mostly True Memoir
£56.70,star-rating Five,In stock (3 available),Into the Wild
£21.28,star-rating Four,In stock (3 available),Fire Bound (Sea Haven/Sisters of the Heart #5)
£34.98,star-rating Two,In stock (3 available),Manuscript Found in Accra
£42.38,star-rating One,In stock (3 available),It's Never Too Late to Begin Again: Discovering Creativity and Meaning at Midlife and Beyond
£28.85,star-rating Three,In stock (3 available),"In the Garden of Beasts: Love, Terror, and an American Family in Hitler's Berlin"
£50.11,star-rating Three,In stock (3 available),Rogue Lawyer (Rogue Lawyer #1)
£17.80,star-rating Five,In stock (6 available),The Hobbit (Middle-Earth Universe)
£31.58,star-rating Two,In stock (6 available),The Makings of a Fatherless Child
£55.02,star-rating Three,In stock (6 available),The Perks of Being a Wallflower
£57.84,star-rating Five,In stock (6 available),The Sound Of Love
£57.83,star-rating One,In stock (3 available),"Miracles from Heaven: A Little Girl, Her Journey to Heaven, and Her Amazing Story of Healing"
£10.27,star-rating Two,In stock (6 available),The Fellowship of the Ring (The Lord of the Rings #1)
£46.29,star-rating One,In stock (3 available),Sarah's Key
£52.33,star-rating Two,In stock (3 available),Seven Days in the Art World
£49.51,star-rating One,In stock (3 available),Spilled Milk: Based on a True Story
£33.78,star-rating Three,In stock (1 available),The Republic
£24.89,star-rating Three,In stock (1 available),Lord of the Flies
£31.38,star-rating Three,In stock (2 available),The Sense of an Ending
£14.76,star-rating Three,In stock (1 available),The Communist Manifesto
£16.16,star-rating One,In stock (1 available),The Iliad
£54.43,star-rating One,In stock (1 available),The Light of the Fireflies
£29.64,star-rating Three,In stock (1 available),The Odyssey
£14.16,star-rating One,In stock (3 available),Outliers: The Story of Success
£13.51,star-rating One,In stock (3 available),Night (The Night Trilogy #1)
£41.67,star-rating Four,In stock (3 available),"Rise of the Rocket Girls: The Women Who Propelled Us, from Missiles to the Moon to Mars"
£53.71,star-rating Five,In stock (3 available),The Blind Side: Evolution of a Game
£40.17,star-rating One,In stock (3 available),Notes from a Small Island (Notes From a Small Island #1)
£47.84,star-rating One,In stock (3 available),The Case for Christ (Cases for Christianity)
£36.74,star-rating Three,In stock (3 available),Stiff: The Curious Lives of Human Cadavers
£24.55,star-rating One,In stock (3 available),The Catcher in the Rye
£41.32,star-rating Five,In stock (3 available),The Complete Poems
£37.25,star-rating Two,In stock (3 available),The Name of God is Mercy
£46.58,star-rating One,In stock (6 available),Musicophilia: Tales of Music and the Brain
£22.13,star-rating Four,In stock (3 available),"The End of Faith: Religion, Terror, and the Future of Reason"
£57.48,star-rating One,In stock (3 available),The Girl Who Kicked the Hornet's Nest (Millennium Trilogy #3)
£53.51,star-rating One,In stock (3 available),"Trespassing Across America: One Man's Epic, Never-Done-Before (and Sort of Illegal) Hike Across the Heartland"
£30.60,star-rating Three,In stock (6 available),Ship Leaves Harbor: Essays on Travel by a Recovering Journeyman
£37.19,star-rating Three,In stock (3 available),The Purpose Driven Life: What on Earth Am I Here for?
£10.79,star-rating Three,In stock (5 available),A Clash of Kings (A Song of Ice and Fire #2)
£46.42,star-rating Two,In stock (5 available),A Game of Thrones (A Song of Ice and Fire #1)
£10.02,star-rating Two,In stock (3 available),The Tipping Point: How Little Things Can Make a Big Difference
£47.80,star-rating Three,In stock (3 available),The Hitchhiker's Guide to the Galaxy (Hitchhiker's Guide to the Galaxy #1)
£42.27,star-rating One,In stock (5 available),Evicted: Poverty and Profit in the American City
£28.99,star-rating One,In stock (1 available),Origins (Alphas 0.5)
£36.25,star-rating Three,In stock (1 available),The Silent Twin (Detective Jennifer Knight #3)
£29.38,star-rating One,In stock (1 available),The Mirror & the Maze (The Wrath and the Dawn #1.5)
£21.72,star-rating Four,In stock (1 available),Shadow Rites (Jane Yellowrock #10)
£34.77,star-rating One,In stock (3 available),The Rest Is Noise: Listening to the Twentieth Century
£13.33,star-rating Three,In stock (1 available),Sister Sable (The Mad Queen #1)
£53.82,star-rating Two,In stock (1 available),Vampire Girl (Vampire Girl #1)
£15.28,star-rating Five,In stock (3 available),Disrupted: My Misadventure in the Start-Up Bubble
£51.32,star-rating Five,In stock (3 available),Brave Enough
£47.22,star-rating One,In stock (5 available),The Fault in Our Stars
£21.74,star-rating Five,In stock (3 available),Blink: The Power of Thinking Without Thinking
£27.35,star-rating Two,In stock (3 available),"Born to Run: A Hidden Tribe, Superathletes, and the Greatest Race the World Has Never Seen"
£53.68,star-rating Four,In stock (5 available),What If?: Serious Scientific Answers to Absurd Hypothetical Questions
£23.32,star-rating One,In stock (5 available),Harry Potter and the Deathly Hallows (Harry Potter #7)
£38.13,star-rating Five,In stock (5 available),If I Stay (If I Stay #1)
£11.48,star-rating Three,In stock (5 available),Remember Me?
£16.23,star-rating Five,In stock (5 available),Shiver (The Wolves of Mercy Falls #1)
£11.83,star-rating Two,In stock (5 available),The 5th Wave (The 5th Wave #1)
£34.50,star-rating One,In stock (5 available),The Dream Thieves (The Raven Cycle #2)
£36.55,star-rating Two,In stock (5 available),I Know Why the Caged Bird Sings (Maya Angelou's Autobiography #1)
£43.58,star-rating Three,In stock (3 available),The Goldfinch
£58.09,star-rating Two,In stock (3 available),The Lover's Dictionary
£20.93,star-rating One,In stock (3 available),The Maze Runner (The Maze Runner #1)
£18.13,star-rating One,In stock (3 available),"Where'd You Go, Bernadette"
£46.02,star-rating Three,In stock (3 available),Wild: From Lost to Found on the Pacific Crest Trail
£21.80,star-rating One,In stock (3 available),World War Z: An Oral History of the Zombie War
£34.77,star-rating One,In stock (3 available),Zero History (Blue Ant #3)
£20.44,star-rating Four,In stock (4 available),Mockingjay (The Hunger Games #3)
£48.94,star-rating Two,In stock (4 available),Confessions of a Shopaholic (Shopaholic #1)
£13.90,star-rating Three,In stock (4 available),Harry Potter and the Sorcerer's Stone (Harry Potter #1)
£19.67,star-rating Five,In stock (4 available),Outlander (Outlander #1)
£29.85,star-rating Five,In stock (4 available),The Hunger Games (The Hunger Games #1)
£27.88,star-rating Three,In stock (4 available),The Shining (The Shining #1)
£34.13,star-rating Five,In stock (5 available),"Blue Lily, Lily Blue (The Raven Cycle #3)"
£58.59,star-rating Four,In stock (5 available),Alight (The Generations Trilogy #2)
£52.35,star-rating Four,In stock (4 available),Vogue Colors A to Z: A Fashion Coloring Book
£36.80,star-rating Three,In stock (3 available),The Paris Wife
£41.93,star-rating Two,In stock (3 available),Twilight (Twilight #1)
£38.70,star-rating Two,In stock (5 available),Drama
£16.96,star-rating One,In stock (5 available),Fool Me Once
£39.24,star-rating Five,In stock (3 available),Dead Wake: The Last Crossing of the Lusitania
£52.62,star-rating Three,In stock (3 available),Dracula
£18.74,star-rating One,In stock (3 available),Eclipse (Twilight #3)
£51.32,star-rating Three,In stock (1 available),"Eat, Pray, Love"
£38.62,star-rating One,In stock (3 available),Fellside
£25.02,star-rating One,In stock (3 available),"Lean In: Women, Work, and the Will to Lead"
£37.60,star-rating Five,In stock (3 available),Gone Girl
£20.11,star-rating Three,In stock (3 available),Is Everyone Hanging Out Without Me? (And Other Concerns)
£26.13,star-rating Two,In stock (3 available),Life After Life
£41.56,star-rating Five,In stock (1 available),The Tumor
£57.82,star-rating Five,In stock (1 available),Travels with Charley: In Search of America
£17.81,star-rating One,In stock (3 available),"David and Goliath: Underdogs, Misfits, and the Art of Battling Giants"
£14.40,star-rating One,In stock (1 available),The End of the Jesus Era (An Investigation #1)
£34.00,star-rating Three,In stock (2 available),Kindle Paperwhite User's Guide
£29.40,star-rating One,In stock (3 available),Morning Star (Red Rising #3)
£57.42,star-rating Five,In stock (2 available),H is for Hawk
£35.28,star-rating Five,In stock (3 available),Breaking Dawn (Twilight #4)
£21.55,star-rating Five,In stock (3 available),Beautiful Creatures (Caster Chronicles #1)
£23.90,star-rating Five,In stock (3 available),Dark Places
£32.87,star-rating Two,In stock (3 available),One for the Money (Stephanie Plum #1)
£38.00,star-rating Two,In stock (1 available),Frankenstein
£11.89,star-rating Two,In stock (2 available),"The Suffragettes (Little Black Classics, #96)"
£38.43,star-rating Five,In stock (1 available),Jane Eyre
£32.36,star-rating Three,In stock (1 available),On the Road (Duluoz Legend)
£42.40,star-rating One,In stock (1 available),Shatter Me (Shatter Me #1)
£24.96,star-rating One,In stock (1 available),Paradise Lost (Paradise #1)
£18.88,star-rating Two,In stock (1 available),Taking Shots (Assassins #1)
£40.87,star-rating One,In stock (3 available),Black Flags: The Rise of ISIS
£50.59,star-rating Three,In stock (1 available),The Name of the Wind (The Kingkiller Chronicle #1)
£19.69,star-rating Five,In stock (1 available),The Zombie Room
£14.08,star-rating Five,In stock (3 available),A Visit from the Goon Squad
£30.48,star-rating Four,In stock (3 available),A Walk in the Woods: Rediscovering America on the Appalachian Trail
£24.61,star-rating Two,In stock (3 available),Orange Is the New Black
£56.58,star-rating One,In stock (3 available),Are We Smart Enough to Know How Smart Animals Are?
£23.43,star-rating Two,In stock (3 available),The Autobiography of Malcolm X
£46.45,star-rating Two,In stock (3 available),Shopaholic & Baby (Shopaholic #5)
£53.49,star-rating Two,In stock (3 available),The Book Thief
£56.68,star-rating Two,In stock (3 available),Packing for Mars: The Curious Science of Life in the Void
£43.55,star-rating One,In stock (3 available),Quiet: The Power of Introverts in a World That Can't Stop Talking
£52.25,star-rating Four,In stock (3 available),The Demon-Haunted World: Science as a Candle in the Dark
£22.14,star-rating Two,In stock (3 available),The Girl Who Played with Fire (Millennium Trilogy #2)
£12.30,star-rating One,In stock (3 available),The Giver (The Giver Quartet #1)
